-- phpMyAdmin SQL Dump
-- version 5.0.2
-- https://www.phpmyadmin.net/
--
-- Servidor: localhost
-- Tiempo de generación: 09-05-2020 a las 17:55:39
-- Versión del servidor: 10.4.11-MariaDB
-- Versión de PHP: 7.4.5

SET SQL_MODE = "NO_AUTO_VALUE_ON_ZERO";
START TRANSACTION;
SET time_zone = "+00:00";


/*!40101 SET @OLD_CHARACTER_SET_CLIENT=@@CHARACTER_SET_CLIENT */;
/*!40101 SET @OLD_CHARACTER_SET_RESULTS=@@CHARACTER_SET_RESULTS */;
/*!40101 SET @OLD_COLLATION_CONNECTION=@@COLLATION_CONNECTION */;
/*!40101 SET NAMES utf8mb4 */;

--
-- Base de datos: `club_nautic`
--

-- --------------------------------------------------------

--
-- Estructura de tabla para la tabla `AMARRAMENT`
--

CREATE TABLE `AMARRAMENT` (
  `Geoposicio` varchar(30) NOT NULL,
  `idAmarrament` int(9) NOT NULL,
  `Tipus` char(1) NOT NULL
) ENGINE=InnoDB DEFAULT CHARSET=utf8mb4;

--
-- Volcado de datos para la tabla `AMARRAMENT`
--

INSERT INTO `AMARRAMENT` (`Geoposicio`, `idAmarrament`, `Tipus`) VALUES
('Zona A', 100000000, 'A'),
('Zona A', 100000001, 'A'),
('Zona A', 100000002, 'A'),
('Zona A', 100000003, 'A'),
('Zona A', 100000004, 'A'),
('Zona A', 100000005, 'A'),
('Zona A', 100000006, 'A'),
('Zona A', 100000007, 'A'),
('Zona A', 100000008, 'A'),
('Zona A', 100000009, 'A'),
('Zona A', 100000010, 'A'),
('Zona B', 100000011, 'B'),
('Zona B', 100000012, 'B'),
('Zona B', 100000013, 'B'),
('Zona B', 100000014, 'B'),
('Zona B', 100000015, 'B'),
('Zona B', 100000016, 'B'),
('Zona B', 100000017, 'B'),
('Zona C', 100000018, 'C'),
('Zona C', 100000019, 'C'),
('Zona C', 100000020, 'C'),
('Zona C', 100000021, 'C'),
('Zona C', 100000022, 'C'),
('Zona C', 100000023, 'C'),
('Zona C', 100000024, 'C'),
('Zona D', 100000025, 'D'),
('Zona D', 100000026, 'D'),
('Zona D', 100000027, 'D'),
('Zona D', 100000028, 'D'),
('Zona D', 100000029, 'D'),
('Zona E', 100000030, 'E'),
('Zona E', 100000031, 'E'),
('Zona E', 100000032, 'E'),
('Zona E', 100000033, 'E'),
('Zona E', 100000034, 'E'),
('Zona F', 100000035, 'F'),
('Zona F', 100000036, 'F'),
('Zona F', 100000037, 'F'),
('Zona G', 100000038, 'G'),
('Zona G', 100000039, 'G');

-- --------------------------------------------------------

--
-- Estructura de tabla para la tabla `EMBARCACIO`
--

CREATE TABLE `EMBARCACIO` (
  `tipusEmbarcacio` varchar(30) NOT NULL,
  `Matricula` varchar(10) NOT NULL,
  `Manega` double NOT NULL,
  `Calat` double NOT NULL,
  `Eslora` double NOT NULL,
  `nom` varchar(30) NOT NULL,
  `idEmbarcacio` int(9) NOT NULL,
  `anyConstruccio` int(4) NOT NULL
) ENGINE=InnoDB DEFAULT CHARSET=utf8mb4;

--
-- Volcado de datos para la tabla `EMBARCACIO`
--

INSERT INTO `EMBARCACIO` (`tipusEmbarcacio`, `Matricula`, `Manega`, `Calat`, `Eslora`, `nom`, `idEmbarcacio`, `anyConstruccio`) VALUES
('Catamará', '714827583E', 2, 1, 4, 'Abadon', 200000000, 1992),
('Transatlántic', '567732477I', 2, 1, 6, 'Abroholos', 200000001, 2009),
('Vaixell de pasatgers', '367488138I', 2, 1, 5, 'Adventure', 200000002, 2008),
('Góndola', '735173344E', 2, 1, 8, 'Adventure Galley', 200000003, 1989),
('Bergantí', '674328835E', 2, 1, 7, 'Adventurer', 200000004, 1988),
('Pesquer', '447818621I', 2, 1, 6, 'Aegir', 200000005, 2001),
('Mercant', '367454485O', 2, 1, 7, 'Aeolus', 200000006, 1995),
('Catamará', '384771752I', 2, 1, 4, 'Aer', 200000007, 2013),
('Transatlántic', '441358783I', 2, 1, 9, 'Aether', 200000008, 1992),
('Vaixell de pasatgers', '363368428E', 2, 1, 4, 'Aguamarina', 200000009, 1993),
('Góndola', '423645675I', 2, 1, 5, 'Ahti', 200000010, 2013),
('Bergantí', '636711254O', 2, 1, 8, 'Aifos', 200000011, 2006),
('Pesquer', '573132566E', 2, 1, 5, 'Aingura', 200000012, 1986),
('Mercant', '117316356O', 2, 1, 8, 'Aita Mari', 200000013, 2003),
('Catamará', '565356853E', 2, 1, 8, 'Aitite', 200000014, 1990),
('Transatlántic', '275621155O', 2, 1, 9, 'Al Andalus', 200000015, 1989),
('Vaixell de pasatgers', '521315775O', 2, 1, 8, 'Al Borany', 200000016, 2003),
('Góndola', '814317388I', 2, 1, 4, 'Alabama', 200000017, 2018),
('Bergantí', '153717444O', 2, 1, 7, 'Alai', 200000018, 1994),
('Pesquer', '884787842I', 2, 1, 8, 'Alba', 200000019, 2016),
('Mercant', '832137388I', 2, 1, 7, 'Albatros', 200000020, 2014),
('Catamará', '238635284I', 2, 1, 9, 'Albéniz', 200000021, 2017),
('Transatlántic', '533462411O', 2, 1, 7, 'Alborán', 200000022, 2012),
('Vaixell de pasatgers', '717323432O', 2, 1, 4, 'Aldebarán', 200000023, 2012),
('Góndola', '261734871E', 2, 1, 6, 'ErSerresiete', 200000024, 1998),
('Bergantí', '262315666I', 2, 1, 7, 'BronzeIVZed', 200000025, 1986),
('Pesquer', '885622133E', 2, 1, 7, 'Altair', 200000026, 1990),
('Mercant', '167546143E', 2, 1, 5, 'Bahía', 200000027, 2017),
('Catamará', '214632243I', 2, 1, 9, 'Bahariy', 200000028, 1997),
('Transatlántic', '231844878I', 2, 1, 5, 'Baie', 200000029, 2016),
('Vaixell de pasatgers', '315454653E', 2, 1, 4, 'Bapore', 200000030, 2002),
('Góndola', '884425134E', 2, 1, 4, 'Barba Roja', 200000031, 2002),
('Bergantí', '717344333I', 2, 1, 9, 'Barbanegra', 200000032, 2002),
('Pesquer', '741647831I', 2, 1, 5, 'Barbarossa', 200000033, 1998),
('Mercant', '655213138I', 2, 1, 4, 'Barden', 200000034, 1988),
('Catamará', '445273746E', 2, 1, 9, 'Beethoven', 200000035, 1991),
('Transatlántic', '237878368I', 2, 1, 6, 'Aguamarina', 200000036, 2009),
('Vaixell de pasatgers', '458514327O', 2, 1, 6, 'Alba', 200000037, 2017),
('Góndola', '566576758I', 2, 1, 4, 'Ancla', 200000038, 1995),
('Bergantí', '674766774I', 2, 1, 5, 'Calypso', 200000039, 1989),
('Pesquer', '784418432I', 2, 1, 6, 'La Perla Negra', 200000040, 2014),
('Mercant', '517328711E', 2, 1, 7, 'Simon Peel', 200000041, 1986),
('Catamará', '874516868E', 2, 1, 6, 'Siete Mares', 200000042, 1997),
('Transatlántic', '238212686I', 2, 1, 5, 'Tempestad', 200000043, 1996),
('Vaixell de pasatgers', '618354522I', 2, 1, 8, 'Ultramar', 200000044, 2013),
('Góndola', '756578436E', 2, 1, 4, 'Zafiro', 200000045, 1993),
('Bergantí', '643212232O', 2, 1, 4, 'Usain Bote', 200000046, 1992),
('Pesquer', '125735643E', 2, 1, 6, 'El Holandes Errante', 200000047, 1990),
('Mercant', '267181675O', 2, 1, 5, 'Nautilus', 200000048, 2004),
('Catamará', '482361766I', 2, 1, 9, 'Optimus', 200000049, 2004),
('Transatlántic', '788163276I', 2, 1, 5, 'Arca de Noe', 200000050, 2016),
('Vaixell de pasatgers', '185782676E', 2, 1, 6, 'Argo', 200000051, 2001),
('Góndola', '685682345O', 2, 1, 7, 'Pinta', 200000052, 1995),
('Bergantí', '751577576O', 2, 1, 8, 'Potemkin', 200000053, 1991),
('Pesquer', '673641452O', 2, 1, 6, 'Queen Mary', 200000054, 1989),
('Mercant', '632324847I', 2, 1, 5, 'Kraken', 200000055, 2001),
('Catamará', '622773227O', 2, 1, 4, 'Victoria', 200000056, 2014),
('Transatlántic', '236166386I', 2, 1, 7, 'Elcano', 200000057, 2017),
('Vaixell de pasatgers', '266542845O', 2, 1, 6, 'Medina', 200000058, 2001),
('Góndola', '368182666E', 2, 1, 9, 'Belfast', 200000059, 2007),
('Bergantí', '385273228E', 3, 2, 13, 'Mar', 200000060, 1997),
('Pesquer', '522268725O', 3, 2, 14, 'Oceano', 200000061, 2013),
('Mercant', '318224862I', 3, 2, 11, 'Pescado', 200000062, 1990),
('Catamará', '742847463E', 3, 2, 6, 'Pez', 200000063, 1988),
('Transatlántic', '416224222E', 3, 2, 6, 'SOS', 200000064, 2005),
('Vaixell de pasatgers', '233323624I', 3, 2, 11, 'Tierra', 200000065, 2010),
('Góndola', '723561275E', 3, 2, 11, 'Titanic', 200000066, 1987),
('Bergantí', '237751563E', 3, 2, 7, 'Naufragio', 200000067, 2008),
('Pesquer', '584687282O', 3, 2, 6, 'Surcador', 200000068, 2017),
('Mercant', '585622816I', 3, 2, 14, 'Pulpo', 200000069, 2010),
('Catamará', '488457166I', 3, 2, 7, 'Tiburon', 200000070, 2009),
('Transatlántic', '877851773E', 3, 2, 11, 'Orca', 200000071, 1990),
('Vaixell de pasatgers', '132171461O', 3, 2, 14, 'Ballena', 200000072, 2005),
('Góndola', '147847553O', 3, 2, 13, 'Coral', 200000073, 1996),
('Bergantí', '681825475I', 3, 2, 6, 'Megalodon', 200000074, 2014),
('Pesquer', '825722347I', 3, 2, 5, 'Cachalote', 200000075, 2009),
('Mercant', '273228345I', 3, 2, 12, 'Moby dick', 200000076, 2018),
('Catamará', '428255312I', 3, 2, 11, 'Calamar', 200000077, 1995),
('Transatlántic', '346214274E', 3, 2, 12, 'Fontanet', 200000078, 1992),
('Vaixell de pasatgers', '588338735O', 3, 2, 13, 'Cugat', 200000079, 1989),
('Góndola', '871243287I', 3, 2, 11, 'BarbaRoja', 200000080, 2013),
('Bergantí', '526178882E', 3, 2, 14, 'BarbaNegra', 200000081, 2017),
('Pesquer', '417823734O', 3, 2, 13, 'BarbaBlanca', 200000082, 2011),
('Mercant', '242732231O', 3, 2, 12, 'BarbaAzul', 200000083, 1987),
('Catamará', '265457587I', 3, 2, 12, 'Cacao', 200000084, 2016),
('Transatlántic', '824835171I', 4, 3, 5, 'Ballena', 200000085, 2007),
('Vaixell de pasatgers', '235552257I', 4, 3, 24, 'Ballenato', 200000086, 1994),
('Góndola', '734886374O', 4, 3, 24, 'Kuxkux', 200000087, 1994),
('Bergantí', '272355566O', 4, 3, 24, 'Camino', 200000088, 1994),
('Pesquer', '437646883O', 4, 3, 4, 'Sendero', 200000089, 2002),
('Mercant', '661228621E', 4, 3, 19, 'Lobramorte', 200000090, 2009),
('Catamará', '555343876E', 4, 3, 19, 'Medina', 200000091, 1997),
('Transatlántic', '345234648E', 4, 3, 22, 'Charly', 200000092, 1993),
('Vaixell de pasatgers', '775763682E', 4, 3, 18, 'Jaume I', 200000093, 1999),
('Góndola', '515545626O', 4, 3, 16, 'Rey', 200000094, 2008),
('Bergantí', '784763731E', 4, 3, 16, 'Leon', 200000095, 1987),
('Pesquer', '776862578E', 4, 3, 17, 'Cap Ferrutx', 200000096, 1993),
('Mercant', '866313736O', 4, 3, 4, 'Galicia II', 200000097, 1992),
('Catamará', '864381216E', 4, 3, 22, 'Dragon Blanco', 200000098, 2017),
('Transatlántic', '322227231I', 4, 3, 4, 'Nevada I', 200000099, 1998);

-- --------------------------------------------------------

--
-- Estructura de tabla para la tabla `ESTANCIA`
--

CREATE TABLE `ESTANCIA` (
  `idEmbarcacio` int(9) NOT NULL,
  `idEstancia` int(9) NOT NULL,
  `idAmarrament` int(9) NOT NULL,
  `dataArribada` date NOT NULL,
  `dataPartida` date DEFAULT NULL
) ENGINE=InnoDB DEFAULT CHARSET=utf8mb4;

--
-- Volcado de datos para la tabla `ESTANCIA`
--

INSERT INTO `ESTANCIA` (`idEmbarcacio`, `idEstancia`, `idAmarrament`, `dataArribada`, `dataPartida`) VALUES
(200000000, 40000000, 100000008, '2014-06-10', NULL),
(200000031, 40000001, 100000005, '2014-08-16', '2017-06-25'),
(200000034, 40000002, 100000001, '2014-02-19', '2015-01-11'),
(200000038, 40000003, 100000005, '2018-11-06', NULL),
(200000045, 40000004, 100000002, '2019-11-25', NULL),
(200000046, 40000005, 100000003, '2008-09-27', NULL),
(200000056, 40000006, 100000001, '2005-02-19', '2010-06-06'),
(200000089, 40000007, 100000002, '2008-05-27', '2012-06-23'),
(200000030, 40000009, 100000000, '2016-01-25', NULL),
(200000099, 40000010, 100000000, '2013-06-07', NULL),
(200000007, 40000011, 100000007, '2005-07-16', '2019-04-18'),
(200000023, 40000012, 100000003, '2005-05-23', '2014-03-22'),
(200000017, 40000013, 100000003, '2006-08-21', '2009-03-19'),
(200000009, 40000014, 100000002, '2013-02-05', NULL),
(200000055, 40000015, 100000001, '2017-06-21', NULL),
(200000075, 40000016, 100000005, '2008-03-24', '2016-03-16'),
(200000085, 40000017, 100000010, '2005-09-14', '2013-11-20'),
(200000002, 40000018, 100000001, '2008-05-26', NULL),
(200000050, 40000019, 100000010, '2009-08-13', '2010-08-24'),
(200000048, 40000020, 100000000, '2010-05-27', NULL),
(200000010, 40000021, 100000003, '2007-08-02', '2009-03-03'),
(200000012, 40000022, 100000008, '2012-08-29', '2017-09-18'),
(200000043, 40000023, 100000010, '2016-06-11', NULL),
(200000039, 40000024, 100000001, '2006-05-18', '2019-07-17'),
(200000033, 40000025, 100000003, '2014-02-09', NULL),
(200000027, 40000026, 100000000, '2006-05-29', NULL),
(200000029, 40000027, 100000006, '2017-03-30', NULL),
(200000070, 40000028, 100000017, '2007-09-06', NULL),
(200000067, 40000029, 100000015, '2005-04-20', '2011-02-25'),
(200000057, 40000030, 100000016, '2007-09-10', NULL),
(200000052, 40000031, 100000012, '2013-03-22', '2015-09-25'),
(200000041, 40000032, 100000011, '2011-09-23', NULL),
(200000026, 40000033, 100000017, '2013-01-14', NULL),
(200000025, 40000034, 100000011, '2007-04-26', '2014-06-05'),
(200000006, 40000035, 100000017, '2009-09-22', '2014-02-16'),
(200000022, 40000036, 100000013, '2008-11-10', '2017-03-13'),
(200000020, 40000037, 100000014, '2006-10-05', '2008-01-30'),
(200000004, 40000038, 100000013, '2017-04-10', NULL),
(200000018, 40000039, 100000017, '2014-07-01', '2018-06-12'),
(200000005, 40000040, 100000017, '2007-08-19', NULL),
(200000058, 40000041, 100000011, '2012-11-20', NULL),
(200000063, 40000042, 100000014, '2017-08-07', '2018-08-10'),
(200000064, 40000043, 100000017, '2018-02-09', NULL),
(200000068, 40000044, 100000012, '2006-03-22', '2016-05-19'),
(200000024, 40000045, 100000015, '2017-05-03', NULL),
(200000054, 40000046, 100000013, '2010-08-11', '2012-04-02'),
(200000051, 40000047, 100000011, '2008-02-19', NULL),
(200000047, 40000048, 100000012, '2013-10-24', NULL),
(200000042, 40000049, 100000017, '2011-06-17', NULL),
(200000040, 40000050, 100000016, '2008-10-03', '2009-03-26'),
(200000037, 40000051, 100000011, '2011-01-04', '2016-10-14'),
(200000036, 40000052, 100000011, '2016-07-22', NULL),
(200000059, 40000053, 100000022, '2010-06-01', NULL),
(200000049, 40000054, 100000023, '2019-09-12', NULL),
(200000035, 40000055, 100000022, '2007-06-25', '2010-02-04'),
(200000032, 40000056, 100000022, '2006-05-04', '2013-05-11'),
(200000028, 40000057, 100000021, '2014-06-18', '2016-06-23'),
(200000021, 40000058, 100000020, '2018-07-24', NULL),
(200000015, 40000059, 100000020, '2014-09-24', NULL),
(200000008, 40000060, 100000022, '2017-04-29', NULL),
(200000016, 40000061, 100000023, '2008-02-22', '2015-04-15'),
(200000053, 40000062, 100000021, '2016-06-01', '2018-07-11'),
(200000044, 40000063, 100000021, '2019-09-03', NULL),
(200000011, 40000064, 100000024, '2012-06-22', '2012-01-19'),
(200000013, 40000065, 100000024, '2015-10-25', NULL),
(200000014, 40000066, 100000020, '2013-06-18', NULL),
(200000019, 40000067, 100000019, '2012-01-23', '2012-11-10'),
(200000003, 40000068, 100000023, '2005-08-03', NULL),
(200000062, 40000069, 100000025, '2018-07-27', NULL),
(200000065, 40000070, 100000027, '2016-01-02', NULL),
(200000066, 40000071, 100000028, '2009-02-14', '2016-07-12'),
(200000071, 40000072, 100000027, '2014-11-09', NULL),
(200000077, 40000073, 100000025, '2014-07-10', '2017-02-20'),
(200000080, 40000074, 100000026, '2016-04-02', NULL),
(200000061, 40000075, 100000033, '2007-08-16', NULL),
(200000069, 40000076, 100000030, '2019-11-23', NULL),
(200000072, 40000077, 100000031, '2008-03-30', NULL),
(200000081, 40000078, 100000034, '2009-08-09', NULL),
(200000060, 40000079, 100000030, '2019-09-07', NULL),
(200000073, 40000080, 100000030, '2013-05-21', NULL),
(200000082, 40000081, 100000033, '2019-03-14', NULL),
(200000079, 40000082, 100000031, '2005-02-07', '2017-01-06'),
(200000083, 40000083, 100000034, '2007-11-26', '2015-05-07'),
(200000078, 40000084, 100000031, '2007-07-24', '2010-02-04'),
(200000076, 40000085, 100000032, '2015-04-10', NULL),
(200000084, 40000086, 100000032, '2013-11-15', '2019-10-24'),
(200000090, 40000087, 100000035, '2008-01-23', NULL),
(200000091, 40000088, 100000035, '2016-11-24', NULL),
(200000093, 40000089, 100000035, '2010-09-25', '2015-08-25'),
(200000096, 40000090, 100000036, '2015-04-10', '2018-01-28'),
(200000094, 40000091, 100000037, '2010-02-09', '2011-05-13'),
(200000095, 40000092, 100000036, '2009-04-16', NULL),
(200000086, 40000093, 100000038, '2016-02-14', NULL),
(200000087, 40000094, 100000039, '2010-06-18', '2015-07-21'),
(200000088, 40000095, 100000038, '2010-01-22', NULL),
(200000092, 40000096, 100000039, '2015-04-14', NULL),
(200000098, 40000097, 100000039, '2006-01-01', '2017-03-21');

-- --------------------------------------------------------

--
-- Estructura de tabla para la tabla `LLOGUER`
--

CREATE TABLE `LLOGUER` (
  `idSoci` int(9) NOT NULL,
  `idLloguer` int(9) NOT NULL,
  `idAmarrament` int(9) NOT NULL,
  `dataInici` date NOT NULL,
  `dataFi` date NOT NULL
) ENGINE=InnoDB DEFAULT CHARSET=utf8mb4;

--
-- Volcado de datos para la tabla `LLOGUER`
--

INSERT INTO `LLOGUER` (`idSoci`, `idLloguer`, `idAmarrament`, `dataInici`, `dataFi`) VALUES
(0, 500000000, 100000005, '2018-06-06', '2020-06-06'),
(0, 500000001, 100000037, '2009-07-13', '2011-07-13'),
(1, 500000002, 100000000, '2016-01-01', '2021-01-01'),
(1, 500000003, 100000030, '2019-06-23', '2020-06-23'),
(2, 500000004, 100000023, '2019-07-12', '2021-07-12'),
(2, 500000005, 100000008, '2012-06-18', '2018-06-18'),
(3, 500000007, 100000003, '2006-05-21', '2009-05-21'),
(4, 500000008, 100000012, '2013-02-28', '2016-02-28'),
(4, 500000009, 100000021, '2016-04-05', '2019-04-05'),
(5, 500000010, 100000002, '2008-03-22', '2013-03-22'),
(6, 500000011, 100000021, '2016-02-15', '2019-02-15'),
(6, 500000012, 100000012, '2005-12-19', '2016-12-19'),
(7, 500000013, 100000022, '2006-04-17', '2014-04-17'),
(8, 500000014, 100000013, '2017-03-10', '2022-03-10'),
(10, 500000016, 100000001, '2014-02-17', '2015-02-17'),
(10, 500000017, 100000030, '2019-09-03', '2023-09-03'),
(11, 500000018, 100000011, '2011-01-01', '2017-01-01'),
(12, 500000019, 100000011, '2012-10-27', '2022-10-27'),
(14, 500000020, 100000033, '2007-08-15', '2024-08-15'),
(15, 500000021, 100000031, '2008-03-13', '2021-03-13'),
(15, 500000023, 100000011, '2008-01-29', '2021-01-29'),
(17, 500000024, 100000003, '2007-04-05', '2009-04-05'),
(17, 500000025, 100000019, '2012-01-10', '2013-01-10'),
(18, 500000026, 100000003, '2014-02-07', '2024-02-07'),
(19, 500000027, 100000001, '2005-01-22', '2011-01-22'),
(20, 500000028, 100000021, '2014-06-15', '2017-06-15'),
(20, 500000029, 100000011, '2011-09-20', '2021-09-20'),
(21, 500000030, 100000022, '2007-02-25', '2010-02-25'),
(22, 500000031, 100000022, '2010-05-03', '2021-05-03'),
(23, 500000032, 100000020, '2014-09-12', '2024-09-12'),
(24, 500000033, 100000035, '2016-11-09', '2021-11-09'),
(25, 500000034, 100000039, '2006-01-01', '2018-01-01'),
(26, 500000035, 100000000, '2017-03-21', '2022-03-21'),
(27, 500000036, 100000034, '2009-08-08', '2021-08-08'),
(28, 500000037, 100000025, '2018-06-29', '2023-06-29'),
(28, 500000038, 100000028, '2009-01-23', '2017-01-23'),
(28, 500000039, 100000032, '2013-11-11', '2019-11-11'),
(28, 500000040, 100000035, '2007-12-28', '2022-12-28'),
(29, 500000041, 100000001, '2017-06-16', '2022-06-16'),
(30, 500000042, 100000035, '2010-08-25', '2015-08-25'),
(31, 500000043, 100000001, '2014-02-15', '2015-02-15'),
(33, 500000044, 100000030, '2019-10-28', '2021-10-28'),
(34, 500000045, 100000036, '2009-04-11', '2021-04-11'),
(35, 500000046, 100000026, '2016-04-02', '2021-04-02'),
(36, 500000047, 100000001, '2008-05-26', '2023-05-26'),
(37, 500000048, 100000024, '2012-04-16', '2013-04-16'),
(37, 500000049, 100000024, '2015-10-23', '2020-10-23'),
(37, 500000050, 100000002, '2019-11-18', '2024-11-18'),
(37, 500000051, 100000031, '2005-01-07', '2017-01-07'),
(38, 500000052, 100000011, '2007-04-23', '2015-04-23'),
(38, 500000053, 100000021, '2019-09-01', '2024-09-01'),
(38, 500000054, 100000038, '2010-01-19', '2022-01-19'),
(38, 500000055, 100000033, '2019-03-10', '2024-03-10'),
(39, 500000056, 100000039, '2010-06-18', '2016-06-18'),
(40, 500000057, 100000005, '2014-07-26', '2017-07-26'),
(40, 500000058, 100000020, '2013-06-17', '2023-06-17'),
(40, 500000059, 100000023, '2005-07-23', '2020-07-03'),
(41, 500000060, 100000012, '2013-10-14', '2023-10-14'),
(42, 500000061, 100000017, '2009-05-22', '2014-05-22'),
(42, 500000062, 100000020, '2014-09-13', '2024-09-13'),
(43, 500000063, 100000002, '2013-02-03', '2023-02-03'),
(44, 500000064, 100000022, '2017-04-26', '2022-04-26'),
(45, 500000065, 100000014, '2006-09-02', '2008-09-02'),
(45, 500000066, 100000015, '2017-05-01', '2022-05-01'),
(45, 500000067, 100000025, '2014-05-15', '2017-05-15'),
(45, 500000068, 100000013, '2010-07-12', '2012-07-12'),
(46, 500000069, 100000034, '2007-10-27', '2015-10-27'),
(46, 500000070, 100000031, '2007-05-24', '2010-05-24'),
(49, 500000071, 100000013, '2008-10-10', '2017-10-10'),
(50, 500000072, 100000039, '2015-03-20', '2021-03-20'),
(50, 500000073, 100000017, '2018-02-07', '2023-02-07'),
(52, 500000074, 100000005, '2008-03-21', '2016-03-21'),
(53, 500000075, 100000011, '2016-07-19', '2021-07-19'),
(54, 500000076, 100000006, '2017-03-29', '2022-03-29'),
(55, 500000077, 100000022, '2017-04-22', '2022-04-22'),
(55, 500000078, 100000008, '2014-06-09', '2024-06-09'),
(56, 500000079, 100000020, '2018-07-20', '2023-07-20'),
(57, 500000080, 100000038, '2016-02-11', '2021-02-11'),
(58, 500000081, 100000014, '2017-07-07', '2019-07-07'),
(59, 500000082, 100000030, '2013-05-16', '2023-05-16'),
(60, 500000083, 100000016, '2008-05-13', '2009-05-13'),
(60, 500000084, 100000010, '2016-05-25', '2021-05-25'),
(61, 500000085, 100000002, '2019-11-23', '2021-11-23'),
(62, 500000086, 100000002, '2019-11-02', '2021-11-02'),
(62, 500000087, 100000020, '2018-06-24', '2023-06-24'),
(63, 500000088, 100000000, '2006-05-25', '2021-05-25'),
(64, 500000089, 100000023, '2008-01-23', '2016-01-23'),
(65, 500000090, 100000003, '2005-05-13', '2014-05-13'),
(67, 500000092, 100000036, '2015-03-16', '2018-03-16'),
(68, 500000093, 100000017, '2014-06-29', '2018-06-29'),
(68, 500000094, 100000027, '2016-01-01', '2021-01-01'),
(68, 500000095, 100000032, '2015-03-17', '2022-03-17'),
(68, 500000096, 100000015, '2005-03-18', '2011-03-18'),
(68, 500000097, 100000007, '2005-05-17', '2019-05-17'),
(69, 500000098, 100000003, '2008-08-13', '2023-08-13'),
(70, 500000099, 100000028, '2009-02-10', '2017-02-10'),
(71, 500000100, 100000000, '2013-06-03', '2023-06-03'),
(73, 500000101, 100000033, '2019-03-09', '2021-03-09'),
(74, 500000102, 100000001, '2006-01-17', '2020-01-17');

-- --------------------------------------------------------

--
-- Estructura de tabla para la tabla `MOTOR`
--

CREATE TABLE `MOTOR` (
  `tipusMotor` varchar(30) NOT NULL,
  `Marca` varchar(30) NOT NULL,
  `Potencia` int(6) NOT NULL,
  `idEmbarcacioMotor` int(9) NOT NULL
) ENGINE=InnoDB DEFAULT CHARSET=utf8mb4;

--
-- Volcado de datos para la tabla `MOTOR`
--

INSERT INTO `MOTOR` (`tipusMotor`, `Marca`, `Potencia`, `idEmbarcacioMotor`) VALUES
('infraborda', 'Gaelon', 114, 200000000),
('fora borda', 'Astec', 260, 200000001),
('infraborda', 'Stingray', 287, 200000002),
('fora borda', 'SeaRay', 183, 200000003),
('fora borda', 'Valiant', 252, 200000004),
('fora borda', 'Yanmar', 218, 200000005),
('infraborda', 'Wartsila', 250, 200000006),
('fora borda', 'Caterpillar', 297, 200000007),
('infraborda', 'Perkins', 218, 200000008),
('fora borda', 'Valiant', 167, 200000009),
('infraborda', 'Yanmar', 129, 200000010),
('infraborda', 'Wartsila', 72, 200000011),
('infraborda', 'Caterpillar', 288, 200000012),
('fora borda', 'PerkinsGaelon', 163, 200000013),
('fora borda', 'Astec', 173, 200000014),
('fora borda', 'Stingray', 119, 200000015),
('fora borda', 'SeaRay', 174, 200000016),
('infraborda', 'Valiant', 173, 200000017),
('infraborda', 'Yanmar', 196, 200000018),
('fora borda', 'Wartsila', 98, 200000019),
('infraborda', 'Caterpillar', 299, 200000020),
('fora borda', 'Perkins', 70, 200000021),
('fora borda', 'Valiant', 153, 200000022),
('fora borda', 'Gaelon', 219, 200000023),
('infraborda', 'Astec', 279, 200000024),
('fora borda', 'Stingray', 293, 200000025),
('infraborda', 'SeaRay', 154, 200000026),
('infraborda', 'Valiant', 155, 200000027),
('infraborda', 'Gaelon', 164, 200000028),
('fora borda', 'Astec', 277, 200000029),
('fora borda', 'Stingray', 216, 200000030),
('fora borda', 'SeaRay', 146, 200000031),
('infraborda', 'Valiant', 262, 200000032),
('fora borda', 'Yanmar', 113, 200000033),
('fora borda', 'Wartsila', 253, 200000034),
('infraborda', 'Caterpillar', 297, 200000035),
('fora borda', 'Perkins', 227, 200000036),
('infraborda', 'Valiant', 196, 200000037),
('infraborda', 'Yanmar', 249, 200000038),
('fora borda', 'Wartsila', 227, 200000039),
('infraborda', 'Caterpillar', 87, 200000040),
('infraborda', 'PerkinsGaelon', 221, 200000041),
('infraborda', 'Astec', 228, 200000042),
('infraborda', 'Stingray', 174, 200000043),
('infraborda', 'SeaRay', 297, 200000044),
('infraborda', 'Valiant', 104, 200000045),
('infraborda', 'Yanmar', 83, 200000046),
('fora borda', 'Wartsila', 119, 200000047),
('infraborda', 'Caterpillar', 104, 200000048),
('fora borda', 'Perkins', 105, 200000049),
('fora borda', 'Valiant', 273, 200000050),
('fora borda', 'Gaelon', 144, 200000051),
('fora borda', 'Astec', 176, 200000052),
('fora borda', 'Stingray', 98, 200000053),
('infraborda', 'SeaRay', 69, 200000054),
('infraborda', 'Valiant', 206, 200000055),
('infraborda', 'Gaelon', 178, 200000056),
('infraborda', 'Astec', 123, 200000057),
('infraborda', 'Stingray', 207, 200000058),
('infraborda', 'SeaRay', 187, 200000059),
('infraborda', 'Valiant', 105, 200000060),
('infraborda', 'Gaelon', 65, 200000061),
('fora borda', 'Astec', 299, 200000062),
('fora borda', 'Stingray', 248, 200000063),
('fora borda', 'SeaRay', 176, 200000064),
('infraborda', 'Valiant', 194, 200000065),
('fora borda', 'Yanmar', 206, 200000066),
('fora borda', 'Wartsila', 252, 200000067),
('fora borda', 'Caterpillar', 248, 200000068),
('infraborda', 'Perkins', 57, 200000069),
('fora borda', 'Valiant', 85, 200000070),
('infraborda', 'Yanmar', 142, 200000071),
('infraborda', 'Wartsila', 159, 200000072),
('fora borda', 'Caterpillar', 69, 200000073),
('fora borda', 'PerkinsGaelon', 236, 200000074),
('fora borda', 'Astec', 155, 200000075),
('infraborda', 'Stingray', 86, 200000076),
('fora borda', 'SeaRay', 174, 200000077),
('infraborda', 'Valiant', 299, 200000078),
('fora borda', 'Yanmar', 171, 200000079);

-- --------------------------------------------------------

--
-- Estructura de tabla para la tabla `PROPIETAT`
--

CREATE TABLE `PROPIETAT` (
  `idSoci` int(9) NOT NULL,
  `idPropietat` int(9) NOT NULL,
  `idEmbarcacio` int(9) NOT NULL,
  `dataCompra` date NOT NULL,
  `dataVenta` date DEFAULT NULL
) ENGINE=InnoDB DEFAULT CHARSET=utf8mb4;

--
-- Volcado de datos para la tabla `PROPIETAT`
--

INSERT INTO `PROPIETAT` (`idSoci`, `idPropietat`, `idEmbarcacio`, `dataCompra`, `dataVenta`) VALUES
(45, 300000000, 200000037, '2010-03-25', '2013-03-26'),
(49, 300000001, 200000022, '2014-03-18', NULL),
(40, 300000002, 200000031, '2019-09-25', NULL),
(64, 300000003, 200000016, '2018-05-17', NULL),
(19, 300000004, 200000056, '2018-09-29', NULL),
(51, 300000005, 200000010, '2014-07-04', '2019-03-25'),
(20, 300000006, 200000041, '2013-06-19', NULL),
(4, 300000007, 200000052, '2011-05-29', NULL),
(36, 300000008, 200000002, '2019-02-01', NULL),
(63, 300000010, 200000070, '2015-05-01', '2018-05-08'),
(66, 300000011, 200000025, '2012-01-19', '2013-01-11'),
(0, 300000012, 200000038, '2012-10-19', NULL),
(68, 300000013, 200000018, '2015-02-24', NULL),
(68, 300000014, 200000065, '2016-06-04', NULL),
(53, 300000015, 200000002, '2014-08-10', '2016-10-16'),
(42, 300000016, 200000083, '2018-06-09', '2019-11-20'),
(19, 300000017, 200000040, '2010-11-01', '2014-08-15'),
(19, 300000018, 200000074, '2010-05-29', '2016-07-26'),
(46, 300000019, 200000078, '2018-11-03', NULL),
(18, 300000020, 200000057, '2013-08-11', '2019-07-18'),
(28, 300000021, 200000062, '2010-04-05', NULL),
(71, 300000022, 200000099, '2015-01-18', NULL),
(57, 300000023, 200000086, '2018-06-11', NULL),
(38, 300000024, 200000025, '2013-01-11', NULL),
(43, 300000025, 200000099, '2010-08-19', '2015-01-18'),
(59, 300000026, 200000073, '2012-05-13', NULL),
(53, 300000027, 200000036, '2010-07-17', NULL),
(65, 300000028, 200000042, '2015-11-07', NULL),
(30, 300000029, 200000093, '2018-04-15', NULL),
(15, 300000031, 200000072, '2018-11-08', NULL),
(40, 300000032, 200000014, '2018-09-18', NULL),
(37, 300000033, 200000011, '2010-06-17', NULL),
(45, 300000034, 200000024, '2019-08-20', NULL),
(2, 300000035, 200000064, '2009-07-21', '2010-01-21'),
(33, 300000036, 200000074, '2016-07-26', NULL),
(49, 300000037, 200000068, '2010-03-08', '2019-11-28'),
(40, 300000038, 200000003, '2015-09-03', NULL),
(23, 300000039, 200000015, '2017-01-27', NULL),
(42, 300000040, 200000034, '2016-01-15', '2018-11-18'),
(12, 300000041, 200000058, '2015-07-04', NULL),
(6, 300000042, 200000068, '2019-11-28', NULL),
(67, 300000043, 200000096, '2011-01-09', NULL),
(28, 300000044, 200000084, '2015-03-17', NULL),
(26, 300000045, 200000098, '2013-01-12', '2016-03-11'),
(0, 300000046, 200000094, '2019-01-06', NULL),
(2, 300000047, 200000012, '2017-02-24', NULL),
(44, 300000048, 200000008, '2014-05-28', NULL),
(31, 300000049, 200000001, '2019-06-22', NULL),
(21, 300000050, 200000081, '2010-01-18', '2013-04-26'),
(35, 300000051, 200000080, '2018-05-15', NULL),
(20, 300000052, 200000028, '2018-04-08', NULL),
(21, 300000054, 200000035, '2017-07-04', NULL),
(25, 300000055, 200000050, '2011-01-19', '2015-04-16'),
(70, 300000056, 200000066, '2008-03-10', '2008-11-13'),
(7, 300000057, 200000032, '2014-03-06', NULL),
(9, 300000058, 200000026, '2010-11-13', NULL),
(74, 300000059, 200000039, '2019-10-08', NULL),
(13, 300000060, 200000042, '2012-09-15', '2015-11-07'),
(26, 300000062, 200000097, '2011-11-18', NULL),
(39, 300000064, 200000087, '2013-10-29', NULL),
(17, 300000065, 200000031, '2015-02-01', '2019-09-25'),
(55, 300000066, 200000008, '2013-04-29', '2014-05-28'),
(55, 300000067, 200000000, '2012-04-15', NULL),
(5, 300000068, 200000089, '2010-02-27', NULL),
(28, 300000069, 200000066, '2012-03-13', NULL),
(38, 300000070, 200000066, '2008-11-13', '2012-03-13'),
(8, 300000071, 200000004, '2011-07-23', NULL),
(10, 300000072, 200000060, '2014-04-15', NULL),
(37, 300000073, 200000013, '2013-03-19', NULL),
(50, 300000074, 200000028, '2015-05-22', '2017-01-02'),
(5, 300000075, 200000095, '2014-10-15', '2016-01-27'),
(45, 300000076, 200000020, '2014-05-21', NULL),
(68, 300000077, 200000007, '2019-08-27', NULL),
(50, 300000078, 200000092, '2019-09-06', NULL),
(31, 300000079, 200000034, '2010-05-12', '2013-01-11'),
(54, 300000080, 200000029, '2011-09-26', '2015-09-06'),
(27, 300000081, 200000081, '2015-06-25', NULL),
(18, 300000082, 200000033, '2015-07-17', NULL),
(68, 300000083, 200000067, '2020-01-25', NULL),
(3, 300000084, 200000017, '2017-07-29', NULL),
(11, 300000085, 200000037, '2018-06-16', NULL),
(45, 300000086, 200000054, '2019-09-09', NULL),
(33, 300000087, 200000069, '2011-11-02', '2014-03-01'),
(54, 300000088, 200000054, '2017-08-24', '2019-09-09'),
(28, 300000089, 200000090, '2019-04-26', NULL),
(37, 300000091, 200000045, '2013-03-22', NULL),
(2, 300000092, 200000049, '2014-02-13', NULL),
(43, 300000093, 200000009, '2017-02-03', NULL),
(17, 300000094, 200000010, '2019-04-11', NULL),
(61, 300000095, 200000045, '2011-11-17', '2015-11-09'),
(22, 300000096, 200000059, '2010-07-03', NULL),
(37, 300000097, 200000079, '2018-04-23', NULL),
(62, 300000098, 200000045, '2013-04-22', NULL),
(34, 300000099, 200000095, '2016-01-27', NULL),
(26, 300000100, 200000035, '2015-11-08', '2016-08-07'),
(15, 300000101, 200000051, '2011-06-23', NULL),
(69, 300000102, 200000046, '2013-08-16', NULL),
(60, 300000103, 200000040, '2014-08-15', NULL),
(38, 300000104, 200000088, '2017-07-24', NULL),
(26, 300000105, 200000071, '2018-06-21', '2020-03-07'),
(50, 300000106, 200000064, '2010-01-21', NULL),
(15, 300000107, 200000070, '2018-05-08', NULL),
(45, 300000108, 200000077, '2017-08-20', NULL),
(62, 300000109, 200000021, '2018-04-15', NULL),
(59, 300000110, 200000032, '2009-06-23', '2012-09-16'),
(38, 300000111, 200000082, '2015-10-16', NULL),
(66, 300000112, 200000057, '2011-04-19', '2013-08-11'),
(38, 300000113, 200000044, '2017-04-07', NULL),
(25, 300000114, 200000098, '2016-03-11', NULL),
(11, 300000115, 200000067, '2014-09-04', '2020-01-25'),
(4, 300000116, 200000053, '2010-07-06', '2012-08-29'),
(29, 300000117, 200000055, '2011-11-08', NULL),
(68, 300000118, 200000076, '2010-10-28', NULL),
(17, 300000119, 200000019, '2011-04-17', NULL),
(32, 300000120, 200000003, '2015-09-03', '2020-03-11'),
(58, 300000121, 200000063, '2014-03-16', NULL),
(1, 300000122, 200000030, '2018-03-10', NULL),
(2, 300000123, 200000075, '2007-10-28', '2017-10-28'),
(42, 300000124, 200000006, '2015-10-21', NULL),
(8, 300000125, 200000024, '2009-08-09', '2019-05-26'),
(52, 300000126, 200000075, '2017-11-12', NULL),
(50, 300000127, 200000072, '2002-11-08', '2018-11-08'),
(72, 300000128, 200000048, '1999-11-26', '2015-03-17'),
(37, 300000129, 200000001, '2012-09-22', '2019-06-22'),
(25, 300000130, 200000009, '2002-06-29', '2015-10-18'),
(10, 300000131, 200000034, '2014-08-24', NULL),
(6, 300000132, 200000053, '2012-08-29', NULL),
(73, 300000133, 200000082, '1995-07-12', '2015-03-17'),
(1, 300000134, 200000069, '2014-03-01', NULL),
(24, 300000135, 200000085, '2008-05-03', '2019-06-17'),
(41, 300000136, 200000047, '2016-09-05', NULL),
(57, 300000137, 200000087, '2012-01-07', '2013-10-29'),
(47, 300000138, 200000005, '2006-09-29', '2019-03-17'),
(48, 300000139, 200000084, '2013-08-12', '2015-03-17'),
(56, 300000140, 200000021, '1996-02-26', '2018-03-03'),
(63, 300000141, 200000027, '2015-04-10', NULL),
(53, 300000142, 200000094, '2000-03-17', '2015-03-17'),
(46, 300000143, 200000083, '2019-11-20', NULL),
(42, 300000144, 200000015, '1998-09-22', '2012-11-08'),
(14, 300000146, 200000061, '2014-06-17', NULL),
(65, 300000147, 200000023, '2010-07-07', NULL),
(24, 300000148, 200000091, '2012-08-16', NULL),
(60, 300000149, 200000043, '2015-01-25', NULL);

-- --------------------------------------------------------

--
-- Estructura de tabla para la tabla `SOCI`
--

CREATE TABLE `SOCI` (
  `nacionalitat` varchar(30) NOT NULL,
  `telefon` int(9) NOT NULL,
  `adreça` varchar(30) NOT NULL,
  `compteCorrent` char(23) NOT NULL,
  `nom` varchar(30) NOT NULL,
  `idSoci` int(9) NOT NULL
) ENGINE=InnoDB DEFAULT CHARSET=utf8mb4;

--
-- Volcado de datos para la tabla `SOCI`
--

INSERT INTO `SOCI` (`nacionalitat`, `telefon`, `adreça`, `compteCorrent`, `nom`, `idSoci`) VALUES
('Espanyola', 661675452, 'Calle Can Llaneras', '47262111377757452153778', 'Arnau', 0),
('Britanica', 657876256, 'Odonimia de Barcelona', '56376247587157617855661', 'Artur', 1),
('Espanyola', 653128878, 'Calle de la Guadaír ', '68737345533765523261756', 'Joan Ventura', 2),
('Italiana', 646831121, 'Calle del rio', '57226634228735757161833', 'Asel·lia', 3),
('Francesa', 613824477, 'Calle de Andrade', '13243123622571571423637', 'Assumpció', 4),
('Britanica', 614621266, 'Calle de Aragón', '63336138554313853868224', 'Assumpta', 5),
('Espanyola', 611515565, 'Calle de Arnau dOms', '86737258255384884724866', 'August', 6),
('Italiana', 626474367, 'Calle de Avinyó', '34726174233558674627384', 'Aura', 7),
('Sueca', 654755212, 'Calle de Balmes', '18314575823424561262811', 'Angel', 8),
('Irlandesa', 674453781, 'Calle de Buenos Aires', '45226514628118446141186', 'Aurea', 9),
('Espanyola', 662473484, 'Calle de la Rambla', '16345437766574778547772', 'Berti', 10),
('Britanica', 634274478, 'Calle Pujades', '11154821463538676162313', 'Bertran', 11),
('Sueca', 616641287, 'Calle de Cantabria', '22657371745515827717863', 'Bru', 12),
('Francesa', 665215252, 'Calle del Capitán', '48428771138878646654631', 'Berto', 13),
('Italiana', 641522543, 'Calle del Carmen', '64311646631381747486871', 'Bruc', 14),
('Alemana', 653133141, 'Calle Comtal', '61232627314137216155663', 'Bruna', 15),
('Irlandesa', 685452874, 'Calle de Trento', '13318337642313355424228', 'Candela', 16),
('Espanyola', 661783837, 'Calle de Ciento', '82712837547621584712386', 'Cristina', 17),
('Britanica', 672177882, 'Calle de Córcega', '38282675324254163183865', 'Cugat', 18),
('Sueca', 662384354, 'Calle de Desfar', '32787216785731386615772', 'Cristiano', 19),
('Espanyola', 684447612, 'Calle de la Diputación ', '12838735846445732161445', 'Dàrius', 20),
('Italiana', 617734244, 'Calle del Doctor Ferran', '73474586486111433582663', 'David', 21),
('Alemana', 633773625, 'Calle de Entenza', '23844588683234758127652', 'Duc', 22),
('Irlandesa', 685356772, 'Calle de Ferran', '78588537163581157776634', 'Duna', 23),
('Espanyola', 673482868, 'Ronda del General', '24565462637851683766348', 'Emília', 24),
('Britanica', 675145783, 'Calle de Gerona ', '41572318882313717165241', 'Emma', 25),
('Sueca', 627387625, 'Vía de las Cortes Catalanas', '76747474216775438145143', 'Enric', 26),
('Francesa', 651537481, 'Calle de Huelva ', '81377732755371757561552', 'Èric', 27),
('Italiana', 642814252, 'Calle de la Jota', '23674437118465825178237', 'Ermessenda', 28),
('Alemana', 641344436, 'Calle de Lepanto ', '38677675181876533215271', 'Ernest', 29),
('Irlandesa', 681234757, 'Calle de Londres ', '27282153657118537157631', 'Eustaqui', 30),
('Espanyola', 685188358, 'Avenida de Madrid ', '14538742478583544362645', 'Eva', 31),
('Britanica', 632625778, 'Calle de Mallorca ', '38232318432535432577843', 'Faida', 32),
('Sueca', 685621647, 'Calle de Menorca ', '25664647546223511188377', 'Farners', 33),
('Francesa', 622286484, 'Calle de Montcada', '47513825142522312556662', 'Fontanet', 34),
('Italiana', 675768441, 'Calle de Muntaner', '82857325137333521583473', 'Francesca', 35),
('Alemana', 638748886, 'Calle Nueva de Porta', '61182487883188338575152', 'Frederic', 36),
('Irlandesa', 687626736, 'Calle de París ', '76611145886244485131375', 'Gabriel', 37),
('Espanyola', 667554663, 'Pasaje de la Esperanza', '41431724454358536777646', 'Medina', 38),
('Britanica', 663631364, 'Pasaje de Porta ', '38344254823435741558262', 'Isabel', 39),
('Sueca', 612583628, 'Calle de Pelayo ', '46145211264138825284184', 'Isard', 40),
('Francesa', 684176863, 'Calle del Doctor Pi i Molist', '44485284683146385218642', 'Isidre', 41),
('Italiana', 687246377, 'Calle de la Princesa ', '72757233665717166687366', 'Iu', 42),
('Alemana', 628162235, 'Calle de Provenza ', '82743236531412656574175', 'Ivan', 43),
('Irlandesa', 645771884, 'Puerta del Ángel ', '38524177327813767252284', 'Ivet', 44),
('Espanyola', 654482366, 'Rambla de Brasil', '71481137782263144136465', 'Izan', 45),
('Britanica', 674584263, 'Rambla del Raval', '25752863837823752485277', 'Jacinta', 46),
('Sueca', 626767674, 'Calle de Ramon Albó', '55551822334347774538322', 'Justina', 47),
('Francesa', 674615844, 'Carretera de Ribes', '22837884344217741152231', 'Javier', 48),
('Italiana', 653267324, 'Calle del Rosellón ', '44485343862756336556238', 'Justiniana', 49),
('Alemana', 635555428, 'Ronda de San Antonio', '77846713715454777634153', 'Kai', 50),
('Irlandesa', 642622174, 'Ronda de San Pablo', '17852448627252648278465', 'Karen', 51),
('Espanyola', 637214218, 'Ronda de San Pedro', '74882477761326374521246', 'Kàtia', 52),
('Britanica', 638252385, 'Calle de Sants', '25531752515781254236846', 'Kilian', 53),
('Sueca', 648255466, 'Avenida de Sarriá', '24283566381134562732651', 'Laia', 54),
('Francesa', 654868285, 'Ronda de la Universidad', '78187221857676683781328', 'Laieta', 55),
('Italiana', 651112663, 'Calle de Valencia', '62242721865685573567274', 'Lamberta', 56),
('Alemana', 668816543, 'Vía Augusta', '88211783135161884335621', 'Laura', 57),
('Irlandesa', 665855571, 'Vía Julia', '35613122281233264654214', 'Laureà', 58),
('Espanyola', 631562311, 'Viaducto de Vallcarca', '54268161637253664263774', 'Carlos', 59),
('Britanica', 636868625, 'Calle 31 de diciembre', '58275753288587553866534', 'Lia', 60),
('Sueca', 688666176, 'Calle Alfonso el Mag', '73781227116734254318344', 'Llura', 61),
('Francesa', 611367852, 'Calle de Aragón', '16487741687827871682683', 'Magalí', 62),
('Italiana', 662157244, 'Gran Vía Asima', '38588726765687175868462', 'Magdalena', 63),
('Alemana', 617254258, 'Calle Blanquerna', '24652665462772442555431', 'Magí', 64),
('Irlandesa', 667822214, 'Calle Colón', '84826378521212544828586', 'Maia', 65),
('Espanyola', 658166242, 'Calle Eusebio Estada', '77733665857356157884538', 'Manel', 66),
('Britanica', 683561735, 'Calle General Riera', '62881282437527324352845', 'Manela', 67),
('Sueca', 663162636, 'Calle Industria', '28763352427217766347688', 'Manuel', 68),
('Francesa', 667151822, 'Calle Jacinto Verdaguer', '11584861881416182241848', 'Manuela', 69),
('Italiana', 653523246, 'Camino de Jesús', '41877878288126571848145', 'Mar', 70),
('Alemana', 632478438, 'Calle Manacor', '33388345128758326715675', 'Marc', 71),
('Irlandesa', 618564666, 'Calle de los Olmos', '81137355136541211431644', 'Miriam', 72),
('Espanyola', 668663712, 'Rambla de Palma', '84538356146742247353623', 'Montserrat', 73),
('Britanica', 622582587, 'Calle Reyes Católicos', '25245363327735212348125', 'Nàia', 74);

-- --------------------------------------------------------

--
-- Estructura de tabla para la tabla `TIPUSAMARRAMENT`
--

CREATE TABLE `TIPUSAMARRAMENT` (
  `Tipus` char(1) NOT NULL,
  `Nombre` int(4) NOT NULL,
  `Preu` double NOT NULL,
  `maxCalat` double NOT NULL,
  `maxManega` double NOT NULL,
  `maxEslora` double NOT NULL
) ENGINE=InnoDB DEFAULT CHARSET=utf8mb4;

--
-- Volcado de datos para la tabla `TIPUSAMARRAMENT`
--

INSERT INTO `TIPUSAMARRAMENT` (`Tipus`, `Nombre`, `Preu`, `maxCalat`, `maxManega`, `maxEslora`) VALUES
('A', 11, 200, 1, 2, 6),
('B', 7, 250, 2, 2, 8),
('C', 7, 300, 2, 3, 10),
('D', 5, 360, 2.5, 3.5, 12),
('E', 5, 425, 2.5, 3.5, 15),
('F', 3, 500, 3, 4, 20),
('G', 2, 600, 3, 5, 30);

-- --------------------------------------------------------

--
-- Estructura de tabla para la tabla `VELA`
--

CREATE TABLE `VELA` (
  `quantitatVeles` int(2) NOT NULL,
  `idEmbarcacioVela` int(9) NOT NULL,
  `tipusVela` varchar(30) NOT NULL
) ENGINE=InnoDB DEFAULT CHARSET=utf8mb4;

--
-- Volcado de datos para la tabla `VELA`
--

INSERT INTO `VELA` (`quantitatVeles`, `idEmbarcacioVela`, `tipusVela`) VALUES
(3, 200000065, 'De tall'),
(3, 200000066, 'Rodones'),
(2, 200000067, 'De tall'),
(3, 200000068, 'Rodones'),
(3, 200000069, 'De tall'),
(2, 200000070, 'De tall'),
(3, 200000071, 'Rodones'),
(2, 200000072, 'Rodones'),
(2, 200000073, 'De tall'),
(2, 200000074, 'De tall'),
(2, 200000075, 'De tall'),
(3, 200000076, 'Rodones'),
(3, 200000077, 'Rodones'),
(3, 200000078, 'De tall'),
(2, 200000079, 'De tall'),
(2, 200000080, 'De tall'),
(2, 200000081, 'Rodones'),
(3, 200000082, 'De tall'),
(3, 200000083, 'De tall'),
(2, 200000084, 'Rodones'),
(2, 200000085, 'Rodones'),
(2, 200000086, 'De tall'),
(2, 200000087, 'De tall'),
(3, 200000088, 'De tall'),
(2, 200000089, 'Rodones'),
(2, 200000090, 'Rodones'),
(3, 200000091, 'Rodones'),
(3, 200000092, 'Rodones'),
(2, 200000093, 'De tall'),
(2, 200000094, 'Rodones'),
(3, 200000095, 'De tall'),
(2, 200000096, 'De tall'),
(3, 200000097, 'Rodones'),
(3, 200000098, 'Rodones'),
(2, 200000099, 'Rodones');

--
-- Índices para tablas volcadas
--

--
-- Indices de la tabla `AMARRAMENT`
--
ALTER TABLE `AMARRAMENT`
  ADD PRIMARY KEY (`idAmarrament`),
  ADD KEY `Tipus` (`Tipus`);

--
-- Indices de la tabla `EMBARCACIO`
--
ALTER TABLE `EMBARCACIO`
  ADD PRIMARY KEY (`idEmbarcacio`);

--
-- Indices de la tabla `ESTANCIA`
--
ALTER TABLE `ESTANCIA`
  ADD PRIMARY KEY (`idEstancia`),
  ADD KEY `idAmarrament` (`idAmarrament`),
  ADD KEY `idEmbarcacio` (`idEmbarcacio`);

--
-- Indices de la tabla `LLOGUER`
--
ALTER TABLE `LLOGUER`
  ADD PRIMARY KEY (`idLloguer`),
  ADD KEY `idAmarrament` (`idAmarrament`),
  ADD KEY `idSoci` (`idSoci`);

--
-- Indices de la tabla `MOTOR`
--
ALTER TABLE `MOTOR`
  ADD PRIMARY KEY (`idEmbarcacioMotor`);

--
-- Indices de la tabla `PROPIETAT`
--
ALTER TABLE `PROPIETAT`
  ADD PRIMARY KEY (`idPropietat`),
  ADD KEY `idEmbarcacio` (`idEmbarcacio`),
  ADD KEY `idSoci` (`idSoci`);

--
-- Indices de la tabla `SOCI`
--
ALTER TABLE `SOCI`
  ADD PRIMARY KEY (`idSoci`);

--
-- Indices de la tabla `TIPUSAMARRAMENT`
--
ALTER TABLE `TIPUSAMARRAMENT`
  ADD PRIMARY KEY (`Tipus`);

--
-- Indices de la tabla `VELA`
--
ALTER TABLE `VELA`
  ADD PRIMARY KEY (`idEmbarcacioVela`);

--
-- Restricciones para tablas volcadas
--

--
-- Filtros para la tabla `AMARRAMENT`
--
ALTER TABLE `AMARRAMENT`
  ADD CONSTRAINT `AMARRAMENT_ibfk_1` FOREIGN KEY (`Tipus`) REFERENCES `TIPUSAMARRAMENT` (`Tipus`);

--
-- Filtros para la tabla `ESTANCIA`
--
ALTER TABLE `ESTANCIA`
  ADD CONSTRAINT `ESTANCIA_ibfk_1` FOREIGN KEY (`idAmarrament`) REFERENCES `AMARRAMENT` (`idAmarrament`),
  ADD CONSTRAINT `ESTANCIA_ibfk_2` FOREIGN KEY (`idEmbarcacio`) REFERENCES `EMBARCACIO` (`idEmbarcacio`);

--
-- Filtros para la tabla `LLOGUER`
--
ALTER TABLE `LLOGUER`
  ADD CONSTRAINT `LLOGUER_ibfk_1` FOREIGN KEY (`idAmarrament`) REFERENCES `AMARRAMENT` (`idAmarrament`),
  ADD CONSTRAINT `LLOGUER_ibfk_2` FOREIGN KEY (`idSoci`) REFERENCES `SOCI` (`idSoci`);

--
-- Filtros para la tabla `MOTOR`
--
ALTER TABLE `MOTOR`
  ADD CONSTRAINT `MOTOR_ibfk_1` FOREIGN KEY (`idEmbarcacioMotor`) REFERENCES `EMBARCACIO` (`idEmbarcacio`);

--
-- Filtros para la tabla `PROPIETAT`
--
ALTER TABLE `PROPIETAT`
  ADD CONSTRAINT `PROPIETAT_ibfk_1` FOREIGN KEY (`idEmbarcacio`) REFERENCES `EMBARCACIO` (`idEmbarcacio`),
  ADD CONSTRAINT `PROPIETAT_ibfk_2` FOREIGN KEY (`idSoci`) REFERENCES `SOCI` (`idSoci`);

--
-- Filtros para la tabla `VELA`
--
ALTER TABLE `VELA`
  ADD CONSTRAINT `VELA_ibfk_1` FOREIGN KEY (`idEmbarcacioVela`) REFERENCES `EMBARCACIO` (`idEmbarcacio`);
COMMIT;

/*!40101 SET CHARACTER_SET_CLIENT=@OLD_CHARACTER_SET_CLIENT */;
/*!40101 SET CHARACTER_SET_RESULTS=@OLD_CHARACTER_SET_RESULTS */;
/*!40101 SET COLLATION_CONNECTION=@OLD_COLLATION_CONNECTION */;
